epoch,psnr,ssim,images,seconds,checkpoint
10,32.224597859,0.938152260,100,13.732,model_epoch_10.pth
20,36.034113393,0.961028039,100,10.922,model_epoch_20.pth
30,36.835987191,0.968933910,100,10.945,model_epoch_30.pth
40,37.237873995,0.965953599,100,10.955,model_epoch_40.pth
50,38.852736691,0.973512591,100,10.990,model_epoch_50.pth
60,38.857933927,0.980133286,100,10.990,model_epoch_60.pth
70,39.728625010,0.980828248,100,10.926,model_epoch_70.pth
80,40.099530703,0.983153148,100,10.963,model_epoch_80.pth
90,40.964592869,0.984628261,100,10.984,model_epoch_90.pth
100,41.186106652,0.984968392,100,10.962,model_epoch_100.pth
110,41.302371406,0.984952381,100,10.966,model_epoch_110.pth
120,41.463682347,0.985340126,100,10.974,model_epoch_120.pth
130,41.777914513,0.985996258,100,10.932,model_epoch_130.pth
140,41.843070388,0.986240284,100,10.963,model_epoch_140.pth
150,41.856611392,0.986304079,100,10.949,model_epoch_150.pth
160,41.847828459,0.986317931,100,10.950,model_epoch_160.pth
170,41.848415019,0.986336878,100,10.957,model_epoch_170.pth
180,41.863036767,0.986269016,100,10.930,model_epoch_180.pth
190,41.862476260,0.986389789,100,10.907,model_epoch_190.pth
200,41.877914930,0.986357796,100,10.973,model_epoch_200.pth
210,41.899849302,0.986350581,100,10.981,model_epoch_210.pth
220,41.902345320,0.986314092,100,10.931,model_epoch_220.pth
230,41.871854389,0.986342456,100,10.887,model_epoch_230.pth
240,41.894922380,0.986384915,100,10.995,model_epoch_240.pth
250,41.872553248,0.986380831,100,10.982,model_epoch_250.pth
