epoch,train_loss,lr,val_psnr_tiled512_overlap128,val_ssim_tiled512_overlap128,val_count,seconds,peak_allocated_gib,peak_reserved_gib
1,0.05694053124899365,0.00019997817800574715,,,,517.2790036201477,10.916521549224854,11.32421875
2,0.035666177747119346,0.00019991272159483643,,,,474.5031397342682,9.425600051879883,9.75390625
3,0.0320267920131659,0.00019980365947861305,,,,474.3834025859833,9.425600051879883,9.75390625
4,0.02893784158787519,0.0001996510394953257,,,,474.64919543266296,9.425600051879883,9.75390625
5,0.027295388400577377,0.00019945492858914322,,,,474.0002703666687,9.425600051879883,9.75390625
6,0.026143184646169257,0.0001992154127807906,,,,473.9749937057495,9.425600051879883,9.75390625
7,0.024249026964987888,0.00019893259712981738,,,,474.4185440540314,9.425600051879883,9.75390625
8,0.023103363326940834,0.00019860660568851528,,,,474.38924288749695,9.425600051879883,9.75390625
9,0.023280235018043514,0.00019823758144750457,,,,474.7831768989563,9.425600051879883,9.75390625
10,0.021355337508293187,0.0001978256862730137,32.10937547707374,0.9381720614433289,100,498.83017134666443,9.425600051879883,9.75390625
11,0.02039570953883473,0.00019737110083587947,,,,476.02920484542847,9.425600051879883,9.75390625
12,0.020947049004820948,0.0001968740245322988,,,,475.5657308101654,9.425600051879883,9.75390625
13,0.020153625438564714,0.000196334675396367,,,,475.45811343193054,9.425600051879883,9.75390625
14,0.020329386011228617,0.0001957532900044407,,,,475.4033582210541,9.425600051879883,9.75390625
15,0.019218726235900357,0.00019513012337136782,,,,474.4493396282196,9.425600051879883,9.75390625
16,0.01897021148640512,0.0001944654488386294,,,,475.92003893852234,9.425600051879883,9.75390625
17,0.01900497372804101,0.00019375955795444325,,,,475.29913234710693,9.425600051879883,9.75390625
18,0.01852549977927962,0.00019301276034588104,,,,474.40000653266907,9.425600051879883,9.75390625
19,0.018367496639402788,0.00019222538358305583,,,,475.81374287605286,9.425600051879883,9.75390625
20,0.017341606940228103,0.0001913977730354388,35.77845391091851,0.9609567093849182,100,495.9110448360443,9.425600051879883,9.75390625
21,0.017969143527709477,0.00019053029172036895,,,,475.1383843421936,9.425600051879883,9.75390625
22,0.017822083423428694,0.0001896233201438216,,,,475.7339324951172,9.425600051879883,9.75390625
23,0.017677631504196614,0.00018867725613350587,,,,474.5601980686188,9.425600051879883,9.75390625
24,0.017173154749254828,0.00018769251466436442,,,,475.2129452228546,9.425600051879883,9.75390625
25,0.016986897629928728,0.00018666952767655164,,,,475.3088390827179,9.425600051879883,9.75390625
26,0.01657515955785164,0.0001856087438859704,,,,474.67112970352173,9.425600051879883,9.75390625
27,0.016783847359183302,0.0001845106285874505,,,,475.3039996623993,9.425600051879883,9.75390625
28,0.017809019987486765,0.00018337566345065487,,,,475.27020597457886,9.425600051879883,9.75390625
29,0.016716073416853654,0.0001822043463088035,,,,474.88658618927,9.425600051879883,9.75390625
30,0.015789164862212986,0.00018099719094030723,36.62060981579989,0.969014897942543,100,496.5674810409546,9.425600051879883,9.75390625
31,0.015645851105215727,0.00017975472684340747,,,,475.20962500572205,9.425600051879883,9.75390625
32,0.01571803706661293,0.00017847749900392102,,,,474.9291121959686,9.425600051879883,9.75390625
33,0.015666302378447045,0.00017716606765619098,,,,475.9545922279358,9.425600051879883,9.75390625
34,0.01620481461304935,0.00017582100803734973,,,,474.63825511932373,9.425600051879883,9.75390625
35,0.015244620990504318,0.00017444291013500072,,,,474.4541928768158,9.425600051879883,9.75390625
36,0.01538363362344418,0.00017303237842843043,,,,475.53780603408813,9.425600051879883,9.75390625
37,0.015289558613814105,0.00017159003162346391,,,,474.54366970062256,9.425600051879883,9.75390625
38,0.015421921867175913,0.00017011650238107987,,,,475.1473388671875,9.425600051879883,9.75390625
39,0.014560572272005058,0.00016861243703990451,,,,474.79664874076843,9.425600051879883,9.75390625
40,0.014625631815528915,0.00016707849533270639,36.82280961561446,0.9656959682703018,100,495.7859694957733,9.425600051879883,9.75390625
41,0.014580567039905883,0.0001655153500970155,,,,475.49856877326965,9.425600051879883,9.75390625
42,0.014512215973413628,0.00016392368697999463,,,,475.5079879760742,9.425600051879883,9.75390625
43,0.014115162873469794,0.00016230420413769188,,,,474.3937659263611,9.425600051879883,9.75390625
44,0.014088766897431788,0.0001606576119288063,,,,475.21728134155273,9.425600051879883,9.75390625
45,0.013808077415105955,0.00015898463260310107,,,,475.4156496524811,9.425600051879883,9.75390625
46,0.014355676133651006,0.00015728599998460097,,,,474.4160096645355,9.425600051879883,9.75390625
47,0.014033485288435467,0.00015556245914971273,,,,475.66737818717957,9.425600051879883,9.75390625
48,0.013880033096777366,0.00015381476610041014,,,,475.0578725337982,9.425600051879883,9.75390625
49,0.014051263959092472,0.00015204368743262643,,,,475.01455092430115,9.425600051879883,9.75390625
50,0.013599454608057391,0.00015024999999999997,38.25596361255725,0.973178551197052,100,496.67296290397644,9.425600051879883,9.75390625
51,0.013639181671863196,0.00014843449057312064,,,,475.53448510169983,9.425600051879883,9.75390625
52,0.013580981573441274,0.00014659795549442622,,,,475.3907091617584,9.425600051879883,9.75390625
53,0.013861610214631458,0.00014474120032890024,,,,475.5043041706085,9.425600051879883,9.75390625
54,0.013456026042367513,0.00014286503951072468,,,,474.49301528930664,9.425600051879883,9.75390625
55,0.013337155991033505,0.00014097029598604207,,,,475.91819024086,9.425600051879883,9.75390625
56,0.013292260427559899,0.0001390578008519842,,,,475.48755741119385,9.425600051879883,9.75390625
57,0.013354430636270462,0.00013712839299212542,,,,474.60409474372864,9.425600051879883,9.75390625
58,0.013111664844655715,0.00013518291870852055,,,,475.8168501853943,9.425600051879883,9.75390625
59,0.01263026233801238,0.00013322223135048896,,,,475.1572184562683,9.425600051879883,9.75390625
60,0.012382118866798091,0.0001312471909403072,38.34783264870405,0.9798590511083602,100,496.518456697464,9.425600051879883,9.75390625
61,0.013060011683471227,0.00012925866379597485,,,,475.76615738868713,9.425600051879883,9.75390625
62,0.012561040621149747,0.00012725752215121886,,,,475.38413166999817,9.425600051879883,9.75390625
63,0.012717156627689765,0.00012524464377290296,,,,473.99163126945496,9.425600051879883,9.75390625
64,0.012313059617200885,0.00012322091157601018,,,,475.0765197277069,9.425600051879883,9.75390625
65,0.012311146227634793,0.00012118721323636699,,,,475.2493498325348,9.425600051879883,9.75390625
66,0.012097194580007601,0.00011914444080127955,,,,474.4997127056122,9.425600051879883,9.75390625
67,0.012390025837497383,0.00011709349029825211,,,,475.3304672241211,9.425600051879883,9.75390625
68,0.011940793933245281,0.0001150352613419599,,,,475.0622465610504,9.425600051879883,9.75390625
69,0.011735581105793876,0.0001129706567396482,,,,474.9139287471771,9.425600051879883,9.75390625
70,0.011948716205936684,0.00011090058209513148,39.17986539764752,0.9805790537595749,100,497.1065058708191,9.425600051879883,9.75390625
71,0.011999715815310457,0.00010882594541156532,,,,475.43383145332336,9.425600051879883,9.75390625
72,0.011671208275838311,0.00010674765669316661,,,,475.1920392513275,9.425600051879883,9.75390625
73,0.011418809739645057,0.0001046666275460553,,,,475.327454328537,9.425600051879883,9.75390625
74,0.011402844948571387,0.00010258377077839394,,,,474.25710558891296,9.425600051879883,9.75390625
75,0.011448097328602906,0.00010049999999999992,,,,475.2611198425293,9.425600051879883,9.75390625
76,0.011303702629282304,9.841622922160593e-05,,,,475.3577206134796,9.425600051879883,9.75390625
77,0.011346833207817248,9.633337245394456e-05,,,,474.6820423603058,9.425600051879883,9.75390625
78,0.011011307859716766,9.425234330683327e-05,,,,475.03750252723694,9.425600051879883,9.75390625
79,0.010999555457874103,9.217405458843452e-05,,,,475.51500248908997,9.425600051879883,9.75390625
80,0.011008249053572243,9.009941790486842e-05,39.35540418475355,0.9828135442733764,100,495.08319664001465,9.425600051879883,9.75390625
81,0.011280027826544225,8.802934326035167e-05,,,,475.7459771633148,9.425600051879883,9.75390625
82,0.010848044672522506,8.596473865804001e-05,,,,474.88514947891235,9.425600051879883,9.75390625
83,0.010797859721369107,8.390650970174775e-05,,,,474.83435702323914,9.425600051879883,9.75390625
84,0.010759843876407982,8.185555919872034e-05,,,,475.4123384952545,9.425600051879883,9.75390625
85,0.010619816876671984,7.981278676363288e-05,,,,475.10380721092224,9.425600051879883,9.75390625
86,0.010652750193912288,7.777908842398972e-05,,,,474.1728479862213,9.425600051879883,9.75390625
87,0.010398304788407402,7.575535622709692e-05,,,,474.882851600647,9.425600051879883,9.75390625
88,0.010648420007785897,7.374247784878104e-05,,,,475.5536642074585,9.425600051879883,9.75390625
89,0.010388316663385846,7.1741336204025e-05,,,,476.00680446624756,9.425600051879883,9.75390625
90,0.010262619598684943,6.975280905969269e-05,40.18699307551944,0.9843151950836182,100,497.5001001358032,9.425600051879883,9.75390625
91,0.010122695158147177,6.777776864951091e-05,,,,474.9867522716522,9.425600051879883,9.75390625
92,0.010061699444914326,6.581708129147935e-05,,,,475.41423988342285,9.425600051879883,9.75390625
93,0.010096971016072077,6.387160700787452e-05,,,,475.2063841819763,9.425600051879883,9.75390625
94,0.009857147614325611,6.194219914801572e-05,,,,474.9272162914276,9.425600051879883,9.75390625
95,0.009921545752369232,6.002970401395783e-05,,,,475.0581383705139,9.425600051879883,9.75390625
96,0.009995935271850996,5.813496048927523e-05,,,,475.3902425765991,9.425600051879883,9.75390625
97,0.009674124780050584,5.62587996710997e-05,,,,474.7490050792694,9.425600051879883,9.75390625
98,0.009645379482433918,5.4402044505573745e-05,,,,475.06191539764404,9.425600051879883,9.75390625
99,0.009773261880366996,5.256550942687928e-05,,,,475.0158495903015,9.425600051879883,9.75390625
100,0.00960292143080191,5.074999999999994e-05,40.316772367982765,0.9844817501306534,100,495.6905930042267,9.425600051879883,9.75390625
101,0.00934684888522454,4.8956312567373524e-05,,,,475.72257113456726,9.425600051879883,9.75390625
102,0.0093889207829741,4.718523389958982e-05,,,,474.95714473724365,9.425600051879883,9.75390625
103,0.009272376362479615,4.543754085028724e-05,,,,474.97639203071594,9.425600051879883,9.75390625
104,0.009433191204049238,4.371400001539902e-05,,,,476.3377311229706,9.425600051879883,9.75390625
105,0.009134251541719068,4.2015367396898904e-05,,,,474.4963457584381,9.425600051879883,9.75390625
106,0.009052254685290233,4.034238807119368e-05,,,,474.90726613998413,9.425600051879883,9.75390625
107,0.009257307386015452,3.86957958623081e-05,,,,476.4407866001129,9.425600051879883,9.75390625
108,0.008920443474851068,3.7076313020005344e-05,,,,474.5507071018219,9.425600051879883,9.75390625
109,0.009125702820175063,3.548464990298451e-05,,,,476.231840133667,9.425600051879883,9.75390625
110,0.008892591573601342,3.392150466729358e-05,40.37366799465395,0.9845200264453888,100,496.47448658943176,9.425600051879883,9.75390625
111,0.008886242011221008,3.2387562960095445e-05,,,,474.516300201416,9.425600051879883,9.75390625
112,0.008785873210017857,3.0883497618920105e-05,,,,475.7590956687927,9.425600051879883,9.75390625
113,0.008694696546331274,2.9409968376536066e-05,,,,475.55746364593506,9.425600051879883,9.75390625
114,0.008812670872794042,2.7967621571569553e-05,,,,474.68541169166565,9.425600051879883,9.75390625
115,0.008558012674280685,2.6557089864999245e-05,,,,475.3897566795349,9.425600051879883,9.75390625
116,0.008710519604171576,2.5178991962650233e-05,,,,475.50794196128845,9.425600051879883,9.75390625
117,0.00849486039456312,2.3833932343808965e-05,,,,474.627560377121,9.425600051879883,9.75390625
118,0.008536750976996948,2.252250099607893e-05,,,,474.93573236465454,9.425600051879883,9.75390625
119,0.008374234314530158,2.124527315659246e-05,,,,475.111478805542,9.425600051879883,9.75390625
120,0.008384441921529444,2.0002809059692728e-05,40.40417926497718,0.9849166876077652,100,496.8660614490509,9.425600051879883,9.75390625
121,0.008162846386303593,1.8795653691196437e-05,,,,475.61230969429016,9.425600051879883,9.75390625
122,0.008259119492507816,1.7624336549345097e-05,,,,474.0965883731842,9.425600051879883,9.75390625
123,0.008256176897638228,1.648937141254949e-05,,,,475.2375547885895,9.425600051879883,9.75390625
124,0.008178029207094097,1.5391256114029584e-05,,,,476.0446469783783,9.425600051879883,9.75390625
125,0.008052743451773727,1.4330472323448362e-05,,,,474.4660131931305,9.425600051879883,9.75390625
126,0.008122989659806033,1.3307485335635565e-05,,,,475.01525378227234,9.425600051879883,9.75390625
127,0.00804855214188669,1.2322743866494126e-05,,,,475.4108376502991,9.425600051879883,9.75390625
128,0.008165627247224182,1.1376679856178431e-05,,,,474.70384669303894,9.425600051879883,9.75390625
129,0.008017501581281552,1.0469708279631067e-05,,,,475.37551760673523,9.425600051879883,9.75390625
130,0.007844823625117412,9.602226964561219e-06,40.71548974801853,0.9855755472183227,100,496.36435103416443,9.425600051879883,9.75390625
131,0.007981499591541071,8.774616416944182e-06,,,,474.28728771209717,9.425600051879883,9.75390625
132,0.007990649033802375,7.987239654118985e-06,,,,476.0513582229614,9.425600051879883,9.75390625
133,0.007959723832304824,7.240442045556795e-06,,,,475.5573499202728,9.425600051879883,9.75390625
134,0.00784428903324957,6.534551161370636e-06,,,,474.46936869621277,9.425600051879883,9.75390625
135,0.007877287111465124,5.869876628632219e-06,,,,475.59296464920044,9.425600051879883,9.75390625
136,0.007828694741666045,5.246709995559305e-06,,,,474.6775116920471,9.425600051879883,9.75390625
137,0.007810468782438571,4.665324603633015e-06,,,,474.9685854911804,9.425600051879883,9.75390625
138,0.007837967744475248,4.125975467701205e-06,,,,475.6600465774536,9.425600051879883,9.75390625
139,0.007922640491832961,3.628899164120549e-06,,,,474.2516324520111,9.425600051879883,9.75390625
140,0.007815792963866978,3.174313726986343e-06,40.66905844091271,0.9857722872495651,100,496.7073435783386,9.425600051879883,9.75390625
141,0.007735789963910183,2.7624185524954816e-06,,,,475.45794200897217,9.425600051879883,9.75390625
142,0.0077508225125978375,2.3933943114847528e-06,,,,474.86601996421814,9.425600051879883,9.75390625
143,0.007694413607983935,2.0674028701826596e-06,,,,475.48504185676575,9.425600051879883,9.75390625
144,0.007796907123697166,1.7845872192094612e-06,,,,475.90128898620605,9.425600051879883,9.75390625
145,0.007640953332666584,1.545071410856807e-06,,,,475.15278482437134,9.425600051879883,9.75390625
146,0.007756457946509446,1.3489605046743147e-06,,,,475.88614869117737,9.425600051879883,9.75390625
147,0.007756214199572432,1.1963405213869795e-06,,,,475.92516565322876,9.425600051879883,9.75390625
148,0.007744047092553172,1.0872784051635907e-06,,,,475.06028747558594,9.425600051879883,9.75390625
149,0.007727065429670527,1.0218219942528726e-06,,,,474.7703776359558,9.425600051879883,9.75390625
150,0.007703965861993993,1e-06,40.737093732127526,0.9858276551961899,100,496.6803824901581,9.425600051879883,9.75390625
151,0.007769925447474734,1e-06,,,,532.8404915332794,11.29796314239502,11.71484375
152,0.007755941849069603,1e-06,,,,489.38406324386597,9.42606496810913,9.845703125
153,0.007698113179563213,1e-06,,,,488.369215965271,9.42606496810913,9.845703125
154,0.007484203148586219,1e-06,,,,488.86842036247253,9.42606496810913,9.845703125
155,0.007707165189940218,1e-06,,,,489.59646940231323,9.42606496810913,9.845703125
156,0.007718908116760556,1e-06,,,,488.91514253616333,9.42606496810913,9.845703125
157,0.007638452948089499,1e-06,,,,489.50734424591064,9.42606496810913,9.845703125
158,0.007587849657417947,1e-06,,,,489.12638807296753,9.42606496810913,9.845703125
159,0.0077364055910728756,1e-06,,,,488.7497501373291,9.42606496810913,9.845703125
160,0.007724891683277915,1e-06,40.71799853284463,0.9858446365594864,100,511.41147327423096,9.42606496810913,9.845703125
161,0.007710897301045209,1e-06,,,,489.7164213657379,9.42606496810913,9.845703125
162,0.007730878737762196,1e-06,,,,490.1277768611908,9.42606496810913,9.845703125
163,0.007475353297442731,1e-06,,,,490.3232822418213,9.42606496810913,9.845703125
164,0.007678011936104677,1e-06,,,,490.1410026550293,9.42606496810913,9.845703125
165,0.007451476152840379,1e-06,,,,489.1384997367859,9.42606496810913,9.845703125
166,0.007528355107608724,1e-06,,,,489.4608371257782,9.42606496810913,9.845703125
167,0.007569877525015982,1e-06,,,,489.58783531188965,9.42606496810913,9.845703125
168,0.007613305085298799,1e-06,,,,489.010950088501,9.42606496810913,9.845703125
169,0.007586555436812788,1e-06,,,,489.2649712562561,9.42606496810913,9.845703125
170,0.007568160881324385,1e-06,40.720667278223225,0.9858523499965668,100,510.9215314388275,9.42606496810913,9.845703125
171,0.007680369806620729,1e-06,,,,489.3877854347229,9.42606496810913,9.845703125
172,0.0076856836602921435,1e-06,,,,489.83265209198,9.42606496810913,9.845703125
173,0.007544852268404982,1e-06,,,,488.5892984867096,9.42606496810913,9.845703125
174,0.007638301774227653,1e-06,,,,490.0042450428009,9.42606496810913,9.845703125
175,0.007666213333930197,1e-06,,,,489.89858412742615,9.42606496810913,9.845703125
176,0.0077300316828640666,1e-06,,,,490.3782444000244,9.42606496810913,9.845703125
177,0.007511129197012298,1e-06,,,,488.94118475914,9.42606496810913,9.845703125
178,0.007651709631812892,1e-06,,,,490.1455843448639,9.42606496810913,9.845703125
179,0.00755842864720156,1e-06,,,,489.65267038345337,9.42606496810913,9.845703125
180,0.0075344071058154,1e-06,40.73163295146681,0.9857900929450989,100,511.3378872871399,9.42606496810913,9.845703125
181,0.0075585155891016356,1e-06,,,,490.516747713089,9.42606496810913,9.845703125
182,0.0075983250053761305,1e-06,,,,488.7145576477051,9.42606496810913,9.845703125
183,0.007759942699125429,1e-06,,,,490.6365051269531,9.42606496810913,9.845703125
184,0.007721748400381879,1e-06,,,,489.02531242370605,9.42606496810913,9.845703125
185,0.007630331915254535,1e-06,,,,489.6419093608856,9.42606496810913,9.845703125
186,0.007677442656695963,1e-06,,,,489.3494064807892,9.42606496810913,9.845703125
187,0.007711466255196357,1e-06,,,,489.0860011577606,9.42606496810913,9.845703125
188,0.007600549895852604,1e-06,,,,488.96041655540466,9.42606496810913,9.845703125
189,0.0075770417357932,1e-06,,,,489.5726308822632,9.42606496810913,9.845703125
190,0.0076169609242903655,1e-06,40.72758205058842,0.9859155088663101,100,510.07151222229004,9.42606496810913,9.845703125
191,0.007486345556199996,1e-06,,,,489.48625564575195,9.42606496810913,9.845703125
192,0.007695387245549369,1e-06,,,,489.0025177001953,9.42606496810913,9.845703125
193,0.007548544786626429,1e-06,,,,488.5804409980774,9.42606496810913,9.845703125
194,0.00756624159039071,1e-06,,,,489.369900226593,9.42606496810913,9.845703125
195,0.007547122740671035,1e-06,,,,488.40693378448486,9.42606496810913,9.845703125
196,0.007591131620863395,1e-06,,,,489.6065354347229,9.42606496810913,9.845703125
197,0.0075973092261043505,1e-06,,,,489.8266746997833,9.42606496810913,9.845703125
198,0.00757167518515856,1e-06,,,,488.91171765327454,9.42606496810913,9.845703125
199,0.007487752930717172,1e-06,,,,490.28955030441284,9.42606496810913,9.845703125
200,0.007662901740911432,1e-06,40.7439831626666,0.9858821219205857,100,511.4534213542938,9.42606496810913,9.845703125
201,0.007541112628713447,1e-06,,,,489.0260353088379,9.42606496810913,9.845703125
202,0.007607178174903334,1e-06,,,,489.7702374458313,9.42606496810913,9.845703125
203,0.007659243295424806,1e-06,,,,489.61431431770325,9.42606496810913,9.845703125
204,0.007719307964294944,1e-06,,,,489.3386917114258,9.42606496810913,9.845703125
205,0.007632624345519735,1e-06,,,,490.38451623916626,9.42606496810913,9.845703125
206,0.007618435277353836,1e-06,,,,490.882924079895,9.42606496810913,9.845703125
207,0.007572898787207577,1e-06,,,,489.87745475769043,9.42606496810913,9.845703125
208,0.007607891774114159,1e-06,,,,488.5879862308502,9.42606496810913,9.845703125
209,0.007577936319184393,1e-06,,,,490.1904058456421,9.42606496810913,9.845703125
210,0.007625947698137513,1e-06,40.7873142585269,0.985891625881195,100,511.8373062610626,9.42606496810913,9.845703125
211,0.007560064967801219,1e-06,,,,490.35270524024963,9.42606496810913,9.845703125
212,0.00758654141531938,1e-06,,,,488.70716857910156,9.42606496810913,9.845703125
213,0.00752766328157812,1e-06,,,,489.6720209121704,9.42606496810913,9.845703125
214,0.00755990567610647,1e-06,,,,489.7302267551422,9.42606496810913,9.845703125
215,0.007632436963955454,1e-06,,,,489.1455252170563,9.42606496810913,9.845703125
216,0.0075919346197203235,1e-06,,,,489.7594530582428,9.42606496810913,9.845703125
217,0.0075991932478628324,1e-06,,,,489.32207465171814,9.42606496810913,9.845703125
218,0.0074883261594359506,1e-06,,,,490.6402475833893,9.42606496810913,9.845703125
219,0.007604826126107788,1e-06,,,,489.7661728858948,9.42606496810913,9.845703125
220,0.007652359888634695,1e-06,40.75942648866887,0.985858809351921,100,509.9347093105316,9.42606496810913,9.845703125
221,0.007480289715088862,1e-06,,,,490.6740663051605,9.42606496810913,9.845703125
222,0.0077050327334271425,1e-06,,,,489.62451124191284,9.42606496810913,9.845703125
223,0.007612844990449329,1e-06,,,,489.2784163951874,9.42606496810913,9.845703125
224,0.007653958027825483,1e-06,,,,490.05379152297974,9.42606496810913,9.845703125
225,0.007605871187720502,1e-06,,,,490.097008228302,9.42606496810913,9.845703125
226,0.007619515088614217,1e-06,,,,488.89411067962646,9.42606496810913,9.845703125
227,0.007581101554108665,1e-06,,,,489.7629282474518,9.42606496810913,9.845703125
228,0.007488513236472089,1e-06,,,,490.3268265724182,9.42606496810913,9.845703125
229,0.007546418367345367,1e-06,,,,488.91868567466736,9.42606496810913,9.845703125
230,0.007562569910674818,1e-06,40.74621113500929,0.9858836281299591,100,511.4207229614258,9.42606496810913,9.845703125
231,0.007441558899632414,1e-06,,,,490.13485980033875,9.42606496810913,9.845703125
232,0.007536771707527747,1e-06,,,,489.31419920921326,9.42606496810913,9.845703125
233,0.007549642427204115,1e-06,,,,490.317334651947,9.42606496810913,9.845703125
234,0.007526181698392222,1e-06,,,,489.2829501628876,9.42606496810913,9.845703125
235,0.00759237677713592,1e-06,,,,489.36743092536926,9.42606496810913,9.845703125
236,0.007496456206194521,1e-06,,,,490.242493391037,9.42606496810913,9.845703125
237,0.007572433495627955,1e-06,,,,489.40957260131836,9.42606496810913,9.845703125
238,0.007592588987485821,1e-06,,,,489.5119948387146,9.42606496810913,9.845703125
239,0.00750909061491891,1e-06,,,,489.5033860206604,9.42606496810913,9.845703125
240,0.007627202646076918,1e-06,40.76294533973721,0.9859185642004014,100,510.01335310935974,9.42606496810913,9.845703125
241,0.007641854653539242,1e-06,,,,491.1997003555298,9.42606496810913,9.845703125
242,0.007450116190400945,1e-06,,,,490.2082211971283,9.42606496810913,9.845703125
243,0.007461010498200316,1e-06,,,,488.9186725616455,9.42606496810913,9.845703125
244,0.007615850806986111,1e-06,,,,490.579514503479,9.42606496810913,9.845703125
245,0.007637547412009154,1e-06,,,,490.43602204322815,9.42606496810913,9.845703125
246,0.007499740633450022,1e-06,,,,489.6669268608093,9.42606496810913,9.845703125
247,0.007375406870650866,1e-06,,,,490.08503007888794,9.42606496810913,9.845703125
248,0.00752145960916348,1e-06,,,,489.4059884548187,9.42606496810913,9.845703125
249,0.007579271580753064,1e-06,,,,490.2109212875366,9.42606496810913,9.845703125
250,0.00753894776490766,1e-06,40.745012845155685,0.9859227770566941,100,510.7023186683655,9.42606496810913,9.845703125
