id,height,width,pad_left,pad_right,pad_top,pad_bottom,psnr,ssim,lpips,inference_seconds,peak_memory_mb
0000,2160,3840,0,0,8,8,20.56995391845703,0.7372870445251465,,2.5290194153785706,8762.91259765625
0001,2160,3840,0,0,8,8,20.505252838134766,0.652228057384491,,2.54656224232167,8762.91259765625
0002,2160,3840,0,0,8,8,18.216384887695312,0.8292288780212402,,2.367459489032626,8762.91259765625
0003,2160,3840,0,0,8,8,17.638408660888672,0.5748317837715149,,2.3164648190140724,8762.91259765625
0004,2160,3840,0,0,8,8,22.755231857299805,0.7388734221458435,,2.5669903997331858,8762.91259765625
0005,2160,3840,0,0,8,8,20.939266204833984,0.7357288599014282,,2.6105830278247595,8762.91259765625
0006,2160,3840,0,0,8,8,14.73852252960205,0.3919346034526825,,1.450239717029035,8762.91259765625
0007,2160,3840,0,0,8,8,19.647844314575195,0.6443358063697815,,1.445745245553553,8762.91259765625
0008,2160,3840,0,0,8,8,18.526073455810547,0.6665172576904297,,1.4381860727444291,8762.91259765625
0009,2160,3840,0,0,8,8,23.482370376586914,0.7918685674667358,,1.442299555055797,8762.91259765625
0010,2160,3840,0,0,8,8,20.606964111328125,0.7316216230392456,,1.4563301298767328,8762.91259765625
0011,2160,3840,0,0,8,8,21.793807983398438,0.6303156018257141,,1.454165030270815,8762.91259765625
0012,2160,3840,0,0,8,8,20.32761001586914,0.5980036854743958,,1.4442020049318671,8762.91259765625
0013,2160,3840,0,0,8,8,23.47490119934082,0.813410222530365,,1.4223578469827771,8762.91259765625
0014,2160,3840,0,0,8,8,17.336833953857422,0.5588435530662537,,1.425185177475214,8762.91259765625
0015,2160,3840,0,0,8,8,20.92858123779297,0.7267044186592102,,1.4334282204508781,8762.91259765625
0016,2160,3840,0,0,8,8,15.72822093963623,0.600639820098877,,1.4484901065006852,8762.91259765625
0017,2160,3840,0,0,8,8,12.886209487915039,0.7378608584403992,,1.443790404126048,8762.91259765625
0018,2160,3840,0,0,8,8,21.635934829711914,0.7977926731109619,,1.441819573752582,8762.91259765625
0019,2160,3840,0,0,8,8,21.941068649291992,0.8105323314666748,,1.4272166276350617,8762.91259765625
0020,2160,3840,0,0,8,8,25.14446449279785,0.8257186412811279,,1.4200151851400733,8762.91259765625
0021,2160,3840,0,0,8,8,19.241941452026367,0.652402937412262,,1.4319770000874996,8762.91259765625
0022,2160,3840,0,0,8,8,15.903340339660645,0.7857556939125061,,1.442873534746468,8762.91259765625
0023,2160,3840,0,0,8,8,21.07370376586914,0.8703382611274719,,1.443969395942986,8762.91259765625
0024,2160,3840,0,0,8,8,20.036985397338867,0.6693893074989319,,1.4471040964126587,8762.91259765625
0025,2160,3840,0,0,8,8,14.840089797973633,0.8232896327972412,,1.4248306779190898,8762.91259765625
0026,2160,3840,0,0,8,8,22.06464958190918,0.728428065776825,,1.4240562468767166,8762.91259765625
0027,2160,3840,0,0,8,8,22.70383071899414,0.6841591596603394,,1.432680631056428,8762.91259765625
0028,2160,3840,0,0,8,8,20.32225799560547,0.7481404542922974,,1.4452448254451156,8762.91259765625
0029,2160,3840,0,0,8,8,20.3134822845459,0.8072701096534729,,1.4416055455803871,8762.91259765625
0030,2160,3840,0,0,8,8,20.308189392089844,0.8483712673187256,,1.4506381880491972,8762.91259765625
0031,2160,3840,0,0,8,8,23.40707778930664,0.8922821879386902,,1.4263030290603638,8762.91259765625
0032,2160,3840,0,0,8,8,22.099750518798828,0.8069426417350769,,1.418514004908502,8762.91259765625
0033,2160,3840,0,0,8,8,19.426973342895508,0.7850692868232727,,1.4352658120915294,8762.91259765625
0034,2160,3840,0,0,8,8,25.292861938476562,0.8712959289550781,,1.4491894664242864,8762.91259765625
0035,2160,3840,0,0,8,8,22.40694236755371,0.6994455456733704,,1.4432130046188831,8762.91259765625
0036,2160,3840,0,0,8,8,22.341358184814453,0.7397226095199585,,1.4447503946721554,8762.91259765625
0037,2160,3840,0,0,8,8,24.2420597076416,0.9232949018478394,,1.4240807676687837,8762.91259765625
0038,2160,3840,0,0,8,8,21.406150817871094,0.8115242719650269,,1.4205526765435934,8762.91259765625
0039,2160,3840,0,0,8,8,19.68248176574707,0.8117462992668152,,1.4376435037702322,8762.91259765625
0040,2160,3840,0,0,8,8,24.599937438964844,0.8292217254638672,,1.446380696259439,8762.91259765625
0041,2160,3840,0,0,8,8,20.754138946533203,0.8336752653121948,,1.4418311333283782,8762.91259765625
0042,2160,3840,0,0,8,8,24.702856063842773,0.8680704832077026,,1.4480151673778892,8762.91259765625
0043,2160,3840,0,0,8,8,19.730676651000977,0.8136321902275085,,1.4271524185314775,8762.91259765625
0044,2160,3840,0,0,8,8,21.819976806640625,0.9035933613777161,,1.4191855052486062,8762.91259765625
0045,2160,3840,0,0,8,8,21.32415771484375,0.8503685593605042,,1.4297089586034417,8762.91259765625
0046,2160,3840,0,0,8,8,21.3697509765625,0.7803906798362732,,1.4421344138681889,8762.91259765625
0047,2160,3840,0,0,8,8,15.976639747619629,0.7066018581390381,,1.4476430863142014,8762.91259765625
0048,2160,3840,0,0,8,8,20.004837036132812,0.7061625719070435,,1.4485314264893532,8762.91259765625
0049,2160,3840,0,0,8,8,20.837583541870117,0.6669819951057434,,1.4315703297033906,8762.91259765625
0050,2160,3840,0,0,8,8,21.43317985534668,0.9601322412490845,,1.4234720170497894,8762.91259765625
0051,2160,3840,0,0,8,8,19.69141387939453,0.883836030960083,,1.4342143516987562,8762.91259765625
0052,2160,3840,0,0,8,8,22.3612003326416,0.857081413269043,,1.446805665269494,8762.91259765625
0053,2160,3840,0,0,8,8,22.255821228027344,0.7669796347618103,,1.4458738761022687,8762.91259765625
0054,2160,3840,0,0,8,8,18.192455291748047,0.5390347242355347,,1.4680168349295855,8762.91259765625
0055,2160,3840,0,0,8,8,17.150293350219727,0.7530604600906372,,1.448076686821878,8762.91259765625
0056,2160,3840,0,0,8,8,21.132789611816406,0.31521573662757874,,1.427035577595234,8762.91259765625
0057,2160,3840,0,0,8,8,20.97547721862793,0.7108286619186401,,1.449369827285409,8762.91259765625
0058,2160,3840,0,0,8,8,25.262107849121094,0.5989901423454285,,1.4566766498610377,8762.91259765625
0059,2160,3840,0,0,8,8,18.892822265625,0.6153723001480103,,1.4573284508660436,8762.91259765625
0060,2160,3840,0,0,8,8,20.999637603759766,0.8695769906044006,,1.448327156715095,8762.91259765625
0061,2160,3840,0,0,8,8,24.435359954833984,0.7722123265266418,,1.4280106890946627,8762.91259765625
0062,2160,3840,0,0,8,8,15.16753101348877,0.9138139486312866,,1.4389499826356769,8762.91259765625
0063,2160,3840,0,0,8,8,20.415952682495117,0.7607108950614929,,1.4378731520846486,8762.91259765625
0064,2160,3840,0,0,8,8,24.308069229125977,0.847640335559845,,1.4491865374147892,8762.91259765625
0065,2160,3840,0,0,8,8,24.542823791503906,0.8584891557693481,,1.446716645732522,8762.91259765625
0066,2160,3840,0,0,8,8,20.716960906982422,0.9406309723854065,,1.4502561083063483,8762.91259765625
0067,2160,3840,0,0,8,8,17.225460052490234,0.9060647487640381,,1.4307095594704151,8762.91259765625
0068,2160,3840,0,0,8,8,20.816883087158203,0.8555598855018616,,1.4247300270944834,8762.91259765625
0069,2160,3840,0,0,8,8,19.085323333740234,0.6143038272857666,,1.4414876652881503,8762.91259765625
0070,2160,3840,0,0,8,8,23.559839248657227,0.5553920269012451,,1.454370889812708,8762.91259765625
0071,2160,3840,0,0,8,8,21.276622772216797,0.7691355347633362,,1.4483714271336794,8762.91259765625
0072,2160,3840,0,0,8,8,19.256288528442383,0.601017415523529,,1.4527772990986705,8762.91259765625
0073,2160,3840,0,0,8,8,20.727006912231445,0.890876829624176,,1.4319845801219344,8762.91259765625
0074,2160,3840,0,0,8,8,21.042062759399414,0.3808048963546753,,1.4242566665634513,8762.91259765625
0075,2160,3840,0,0,8,8,14.286957740783691,0.7989356517791748,,1.442519634962082,8762.91259765625
0076,2160,3840,0,0,8,8,23.369693756103516,0.695181131362915,,1.4517250880599022,8762.91259765625
0077,2160,3840,0,0,8,8,15.228164672851562,0.9131832122802734,,1.4493983164429665,8762.91259765625
0078,2160,3840,0,0,8,8,21.76751136779785,0.7831607460975647,,1.4511884897947311,8762.91259765625
0079,2160,3840,0,0,8,8,21.60520362854004,0.517907977104187,,1.4297318598255515,8762.91259765625
0080,2160,3840,0,0,8,8,22.55703353881836,0.8949435949325562,,1.42610436771065,8762.91259765625
0081,2160,3840,0,0,8,8,15.368812561035156,0.8516606688499451,,1.4403442135080695,8762.91259765625
0082,2160,3840,0,0,8,8,22.78325653076172,0.893898069858551,,1.4572049202397466,8762.91259765625
0083,2160,3840,0,0,8,8,25.067453384399414,0.870668351650238,,1.4468305157497525,8762.91259765625
0084,2160,3840,0,0,8,8,20.525524139404297,0.8047674894332886,,1.4469231264665723,8762.91259765625
0085,2160,3840,0,0,8,8,20.54218292236328,0.8198818564414978,,1.4306640699505806,8762.91259765625
0086,2160,3840,0,0,8,8,19.517837524414062,0.8187708854675293,,1.4234350072219968,8762.91259765625
0087,2160,3840,0,0,8,8,13.937777519226074,0.7980853915214539,,1.4413341544568539,8762.91259765625
0088,2160,3840,0,0,8,8,21.838558197021484,0.8885851502418518,,1.4501139279454947,8762.91259765625
0089,2160,3840,0,0,8,8,24.06022071838379,0.7550089359283447,,1.4461303856223822,8762.91259765625
0090,2160,3840,0,0,8,8,16.623443603515625,0.7087114453315735,,1.453482129611075,8762.91259765625
0091,2160,3840,0,0,8,8,15.253486633300781,0.8151228427886963,,1.432449440471828,8762.91259765625
0092,2160,3840,0,0,8,8,22.026185989379883,0.8556849360466003,,1.4263318572193384,8762.91259765625
0093,2160,3840,0,0,8,8,18.880273818969727,0.8347350358963013,,1.436259612441063,8762.91259765625
0094,2160,3840,0,0,8,8,16.771242141723633,0.9243158102035522,,1.4526631888002157,8762.91259765625
0095,2160,3840,0,0,8,8,23.219406127929688,0.8919234275817871,,1.4495928566902876,8762.91259765625
0096,2160,3840,0,0,8,8,20.39363670349121,0.8879302740097046,,1.4534722585231066,8762.91259765625
0097,2160,3840,0,0,8,8,22.568973541259766,0.7390368580818176,,1.4308458296582103,8762.91259765625
0098,2160,3840,0,0,8,8,13.981637001037598,0.8145563006401062,,1.4257291872054338,8762.91259765625
0099,2160,3840,0,0,8,8,22.266281127929688,0.9234139919281006,,1.4387987032532692,8762.91259765625
0100,2160,3840,0,0,8,8,20.13048553466797,0.8846405744552612,,1.4464106764644384,8762.91259765625
0101,2160,3840,0,0,8,8,9.924838066101074,0.5791557431221008,,1.448582287877798,8762.91259765625
0102,2160,3840,0,0,8,8,18.919231414794922,0.7509186863899231,,1.450292487628758,8762.91259765625
0103,2160,3840,0,0,8,8,19.972209930419922,0.8837696313858032,,1.431125110015273,8762.91259765625
0104,2160,3840,0,0,8,8,14.52080249786377,0.8845634460449219,,1.4212243761867285,8762.91259765625
0105,2160,3840,0,0,8,8,19.498857498168945,0.6573778986930847,,1.4406380336731672,8762.91259765625
0106,2160,3840,0,0,8,8,15.599064826965332,0.8595718741416931,,1.4669910343363881,8762.91259765625
0107,2160,3840,0,0,8,8,14.450447082519531,0.4915168881416321,,1.4519428191706538,8762.91259765625
0108,2160,3840,0,0,8,8,18.4748592376709,0.863644003868103,,1.4612220413982868,8762.91259765625
0109,2160,3840,0,0,8,8,17.21105194091797,0.8896257877349854,,1.455194579437375,8762.91259765625
0110,2160,3840,0,0,8,8,24.172754287719727,0.7569684982299805,,1.4238486774265766,8762.91259765625
0111,2160,3840,0,0,8,8,24.125852584838867,0.9221628904342651,,1.4388047428801656,8762.91259765625
0112,2160,3840,0,0,8,8,19.563934326171875,0.834541380405426,,1.4533590888604522,8762.91259765625
0113,2160,3840,0,0,8,8,22.995189666748047,0.8195992708206177,,1.45713178999722,8762.91259765625
0114,2160,3840,0,0,8,8,23.63519859313965,0.7712240219116211,,1.4508051481097937,8762.91259765625
0115,2160,3840,0,0,8,8,15.458845138549805,0.47665032744407654,,1.4340923009440303,8762.91259765625
0116,2160,3840,0,0,8,8,22.11195182800293,0.8367190361022949,,1.439524163492024,8762.91259765625
0117,2160,3840,0,0,8,8,20.19169807434082,0.8330997228622437,,1.4536096388474107,8762.91259765625
0118,2160,3840,0,0,8,8,20.530563354492188,0.9347918033599854,,1.4556313697248697,8762.91259765625
0119,2160,3840,0,0,8,8,25.15151023864746,0.8766992688179016,,1.4514702893793583,8762.91259765625
0120,2160,3840,0,0,8,8,20.351165771484375,0.6802690625190735,,1.4511306080967188,8762.91259765625
0121,2160,3840,0,0,8,8,15.413803100585938,0.6053144335746765,,1.4358255518600345,8762.91259765625
0122,2160,3840,0,0,8,8,15.41783332824707,0.9135780930519104,,1.4200982358306646,8762.91259765625
0123,2160,3840,0,0,8,8,18.526988983154297,0.9481091499328613,,1.4397660242393613,8762.91259765625
0124,2160,3840,0,0,8,8,23.990909576416016,0.8653683662414551,,1.4540623687207699,8762.91259765625
0125,2160,3840,0,0,8,8,20.654468536376953,0.9335591793060303,,1.4549778504297137,8762.91259765625
0126,2160,3840,0,0,8,8,16.66193199157715,0.8720247149467468,,1.4622359536588192,8762.91259765625
0127,2160,3840,0,0,8,8,20.19594955444336,0.7044574022293091,,1.431349540129304,8762.91259765625
0128,2160,3840,0,0,8,8,23.764219284057617,0.842293918132782,,1.4222879968583584,8762.91259765625
0129,2160,3840,0,0,8,8,19.644262313842773,0.8156025409698486,,1.4391629425808787,8762.91259765625
0130,2160,3840,0,0,8,8,12.651416778564453,0.7654786109924316,,1.4546075807884336,8762.91259765625
0131,2160,3840,0,0,8,8,25.704483032226562,0.8376424908638,,1.44966128654778,8762.91259765625
0132,2160,3840,0,0,8,8,23.06830406188965,0.7893213033676147,,1.4540505791082978,8762.91259765625
0133,2160,3840,0,0,8,8,19.79573631286621,0.6622371673583984,,1.4318141005933285,8762.91259765625
0134,2160,3840,0,0,8,8,22.383134841918945,0.8145421743392944,,1.4244013177230954,8762.91259765625
0135,2160,3840,0,0,8,8,13.514927864074707,0.9585669636726379,,1.4359106719493866,8762.91259765625
0136,2160,3840,0,0,8,8,21.460948944091797,0.92481529712677,,1.449325348250568,8762.91259765625
0137,2160,3840,0,0,8,8,19.560916900634766,0.9281705617904663,,1.4536592094227672,8762.91259765625
0138,2160,3840,0,0,8,8,21.425582885742188,0.9112240672111511,,1.4551960602402687,8762.91259765625
0139,2160,3840,0,0,8,8,19.459054946899414,0.8038015365600586,,1.4328340999782085,8762.91259765625
0140,2160,3840,0,0,8,8,18.43901252746582,0.8288870453834534,,1.4237080262973905,8762.91259765625
0141,2160,3840,0,0,8,8,14.75627326965332,0.5989550948143005,,1.4410565039142966,8762.91259765625
0142,2160,3840,0,0,8,8,18.791946411132812,0.8108858466148376,,1.4540637684985995,8762.91259765625
0143,2160,3840,0,0,8,8,23.31008529663086,0.4752165377140045,,1.448742057196796,8762.91259765625
0144,2160,3840,0,0,8,8,17.249237060546875,0.6834085583686829,,1.4580577313899994,8762.91259765625
0145,2160,3840,0,0,8,8,18.833988189697266,0.9465183019638062,,1.4357219114899635,8762.91259765625
0146,2160,3840,0,0,8,8,19.810091018676758,0.8156604170799255,,1.4257960570976138,8762.91259765625
0147,2160,3840,0,0,8,8,23.89034652709961,0.7611424922943115,,1.4435040354728699,8762.91259765625
0148,2160,3840,0,0,8,8,14.783300399780273,0.4272114336490631,,1.4531731884926558,8762.91259765625
0149,2160,3840,0,0,8,8,20.439699172973633,0.5986272692680359,,1.45181751716882,8762.91259765625
0150,2160,3840,0,0,8,8,19.571352005004883,0.6261154413223267,,1.4542375700548291,8762.91259765625
0151,2160,3840,0,0,8,8,18.80577850341797,0.9154701828956604,,1.4331271518021822,8762.91259765625
0152,2160,3840,0,0,8,8,20.23373794555664,0.4055488407611847,,1.4259199779480696,8762.91259765625
0153,2160,3840,0,0,8,8,19.985719680786133,0.9083446264266968,,1.4393466133624315,8762.91259765625
0154,2160,3840,0,0,8,8,14.394023895263672,0.8545247316360474,,1.4585912618786097,8762.91259765625
0155,2160,3840,0,0,8,8,19.031221389770508,0.7815465331077576,,1.4499871181324124,8762.91259765625
0156,2160,3840,0,0,8,8,23.1639404296875,0.7774783968925476,,1.4527745489031076,8762.91259765625
0157,2160,3840,0,0,8,8,20.969623565673828,0.9065095782279968,,1.4364215023815632,8762.91259765625
0158,2160,3840,0,0,8,8,19.61019515991211,0.7251415848731995,,1.4225325072184205,8762.91259765625
0159,2160,3840,0,0,8,8,23.0046443939209,0.7641676068305969,,1.4397699339315295,8762.91259765625
0160,2160,3840,0,0,8,8,17.41806983947754,0.8807292580604553,,1.4558515902608633,8762.91259765625
0161,2160,3840,0,0,8,8,18.345413208007812,0.7576990723609924,,1.450605838559568,8762.91259765625
0162,2160,3840,0,0,8,8,12.420783996582031,0.7676519751548767,,1.4662542454898357,8762.91259765625
0163,2160,3840,0,0,8,8,26.155960083007812,0.8574742674827576,,1.4500348372384906,8762.91259765625
0164,2160,3840,0,0,8,8,22.575876235961914,0.9135052561759949,,1.4384898534044623,8762.91259765625
0165,2160,3840,0,0,8,8,17.821392059326172,0.7023885250091553,,1.4428714849054813,8762.91259765625
0166,2160,3840,0,0,8,8,23.602998733520508,0.7682797908782959,,1.4509231373667717,8762.91259765625
0167,2160,3840,0,0,8,8,19.066078186035156,0.9184325933456421,,1.460589681752026,8762.91259765625
0168,2160,3840,0,0,8,8,21.77889633178711,0.9418564438819885,,1.4591283109039068,8762.91259765625
0169,2160,3840,0,0,8,8,17.055387496948242,0.8929754495620728,,1.4360827123746276,8762.91259765625
0170,2160,3840,0,0,8,8,15.002176284790039,0.8619391918182373,,1.4261290077120066,8762.91259765625
0171,2160,3840,0,0,8,8,24.49831771850586,0.8709413409233093,,1.448748997412622,8762.91259765625
0172,2160,3840,0,0,8,8,21.247894287109375,0.6862735748291016,,1.465331363491714,8762.91259765625
0173,2160,3840,0,0,8,8,22.58943748474121,0.8851845860481262,,1.4527123793959618,8762.91259765625
0174,2160,3840,0,0,8,8,16.766605377197266,0.4364131987094879,,1.4622899517416954,8762.91259765625
0175,2160,3840,0,0,8,8,21.757648468017578,0.6104773283004761,,1.4351759403944016,8762.91259765625
0176,2160,3840,0,0,8,8,17.940767288208008,0.7215542197227478,,1.4233717266470194,8762.91259765625
0177,2160,3840,0,0,8,8,20.77305793762207,0.914462149143219,,1.4376222724094987,8762.91259765625
0178,2160,3840,0,0,8,8,20.684974670410156,0.8915681838989258,,1.4561308603733778,8762.91259765625
0179,2160,3840,0,0,8,8,20.170291900634766,0.22902743518352509,,1.4547332488000393,8762.91259765625
0180,2160,3840,0,0,8,8,26.254859924316406,0.7477952837944031,,1.458026820793748,8762.91259765625
0181,2160,3840,0,0,8,8,24.669809341430664,0.9676570296287537,,1.4375243727117777,8762.91259765625
0182,2160,3840,0,0,8,8,13.887430191040039,0.824691116809845,,1.425783907994628,8762.91259765625
0183,2160,3840,0,0,8,8,20.890079498291016,0.8738922476768494,,1.4377820631489158,8762.91259765625
0184,2160,3840,0,0,8,8,20.189186096191406,0.6012350916862488,,1.457649590447545,8762.91259765625
0185,2160,3840,0,0,8,8,25.1581974029541,0.8807678818702698,,1.4531800895929337,8762.91259765625
0186,2160,3840,0,0,8,8,20.078514099121094,0.5706915259361267,,1.4579492211341858,8762.91259765625
0187,2160,3840,0,0,8,8,17.61212921142578,0.7610853910446167,,1.4329384211450815,8762.91259765625
0188,2160,3840,0,0,8,8,21.678367614746094,0.9128748178482056,,1.423069367185235,8762.91259765625
0189,2160,3840,0,0,8,8,27.130281448364258,0.9199106097221375,,1.4382005129009485,8762.91259765625
0190,2160,3840,0,0,8,8,18.7402286529541,0.6999066472053528,,1.4558621803298593,8762.91259765625
0191,2160,3840,0,0,8,8,21.814706802368164,0.7253812551498413,,1.453168529085815,8762.91259765625
0192,2160,3840,0,0,8,8,21.693206787109375,0.9313237071037292,,1.4586968710646033,8762.91259765625
0193,2160,3840,0,0,8,8,20.132972717285156,0.9327819347381592,,1.4409211045131087,8762.91259765625
0194,2160,3840,0,0,8,8,20.908031463623047,0.6645062565803528,,1.4216336570680141,8762.91259765625
0195,2160,3840,0,0,8,8,24.195585250854492,0.8281587362289429,,1.437246572226286,8762.91259765625
0196,2160,3840,0,0,8,8,17.191980361938477,0.5175199508666992,,1.4583861008286476,8762.91259765625
0197,2160,3840,0,0,8,8,15.966848373413086,0.5669241547584534,,1.451179377734661,8762.91259765625
0198,2160,3840,0,0,8,8,17.321455001831055,0.8926588892936707,,1.4590805526822805,8762.91259765625
0199,2160,3840,0,0,8,8,15.710132598876953,0.604466438293457,,1.4391800044104457,8762.91259765625
0200,2160,3840,0,0,8,8,18.70085906982422,0.7737491130828857,,1.4247387880459428,8762.91259765625
0201,2160,3840,0,0,8,8,22.59681510925293,0.7172355055809021,,1.4389395536854863,8762.91259765625
0202,2160,3840,0,0,8,8,21.247386932373047,0.9183275103569031,,1.4491288969293237,8762.91259765625
0203,2160,3840,0,0,8,8,21.558752059936523,0.799913227558136,,1.4547625286504626,8762.91259765625
0204,2160,3840,0,0,8,8,17.089542388916016,0.5044928193092346,,1.4541890192776918,8762.91259765625
0205,2160,3840,0,0,8,8,14.000503540039062,0.8949117660522461,,1.4333667503669858,8762.91259765625
0206,2160,3840,0,0,8,8,19.123517990112305,0.7075303196907043,,1.4240973768755794,8762.91259765625
0207,2160,3840,0,0,8,8,15.15510368347168,0.44206058979034424,,1.4444334954023361,8762.91259765625
0208,2160,3840,0,0,8,8,17.757583618164062,0.6624768376350403,,1.453209389001131,8762.91259765625
0209,2160,3840,0,0,8,8,17.108169555664062,0.8163095712661743,,1.4554825704544783,8762.91259765625
0210,2160,3840,0,0,8,8,22.68903350830078,0.8455985188484192,,1.453722219914198,8762.91259765625
0211,2160,3840,0,0,8,8,18.71812629699707,0.8421142101287842,,1.4347926704213023,8762.91259765625
0212,2160,3840,0,0,8,8,17.87596893310547,0.6323155760765076,,1.4255672385916114,8762.91259765625
0213,2160,3840,0,0,8,8,27.167156219482422,0.8583067655563354,,1.4401471437886357,8762.91259765625
0214,2160,3840,0,0,8,8,18.690921783447266,0.6936320662498474,,1.4478436363860965,8762.91259765625
0215,2160,3840,0,0,8,8,20.152376174926758,0.702434778213501,,1.455647180788219,8762.91259765625
0216,2160,3840,0,0,8,8,23.369136810302734,0.884709894657135,,1.454065809957683,8762.91259765625
0217,2160,3840,0,0,8,8,20.512208938598633,0.83563232421875,,1.4354379419237375,8762.91259765625
0218,2160,3840,0,0,8,8,19.64473533630371,0.9557686448097229,,1.438485442660749,8762.91259765625
0219,2160,3840,0,0,8,8,20.33116912841797,0.9370993971824646,,1.435900742188096,8762.91259765625
0220,2160,3840,0,0,8,8,22.183509826660156,0.7561435103416443,,1.4582020808011293,8762.91259765625
0221,2160,3840,0,0,8,8,19.513893127441406,0.7474874258041382,,1.4680369952693582,8762.91259765625
0222,2160,3840,0,0,8,8,22.080322265625,0.958984375,,1.4681846350431442,8762.91259765625
0223,2160,3840,0,0,8,8,19.543245315551758,0.8368620872497559,,1.448480136692524,8762.91259765625
0224,2160,3840,0,0,8,8,22.725820541381836,0.8703043460845947,,1.4249865263700485,8762.91259765625
0225,2160,3840,0,0,8,8,19.243274688720703,0.7892043590545654,,1.462511433288455,8762.91259765625
0226,2160,3840,0,0,8,8,22.13299560546875,0.7910273671150208,,1.4651601035147905,8762.91259765625
0227,2160,3840,0,0,8,8,24.54714584350586,0.7615184783935547,,1.450181657448411,8762.91259765625
0228,2160,3840,0,0,8,8,23.763336181640625,0.9102411270141602,,1.457067140378058,8762.91259765625
0229,2160,3840,0,0,8,8,19.550758361816406,0.9156723022460938,,1.440489923581481,8762.91259765625
0230,2160,3840,0,0,8,8,24.620494842529297,0.9664298295974731,,1.423177456483245,8762.91259765625
0231,2160,3840,0,0,8,8,18.214466094970703,0.8505697250366211,,1.4433771558105946,8762.91259765625
0232,2160,3840,0,0,8,8,22.61094093322754,0.8066211342811584,,1.4508438687771559,8762.91259765625
0233,2160,3840,0,0,8,8,23.741809844970703,0.9164119958877563,,1.4514925377443433,8762.91259765625
0234,2160,3840,0,0,8,8,20.875282287597656,0.7376209497451782,,1.4541691401973367,8762.91259765625
0235,2160,3840,0,0,8,8,20.757474899291992,0.771716296672821,,1.4354414818808436,8762.91259765625
0236,2160,3840,0,0,8,8,22.277225494384766,0.7539676427841187,,1.4259562278166413,8762.91259765625
0237,2160,3840,0,0,8,8,18.008529663085938,0.8829860687255859,,1.4373456928879023,8762.91259765625
0238,2160,3840,0,0,8,8,20.555315017700195,0.5272061824798584,,1.4552053697407246,8762.91259765625
0239,2160,3840,0,0,8,8,19.527666091918945,0.7894337177276611,,1.453841389156878,8762.91259765625
0240,2160,3840,0,0,8,8,20.336013793945312,0.720619261264801,,1.4578184206038713,8762.91259765625
0241,2160,3840,0,0,8,8,16.18323516845703,0.8337104916572571,,1.4402398336678743,8762.91259765625
0242,2160,3840,0,0,8,8,16.980810165405273,0.7163840532302856,,1.4289022097364068,8762.91259765625
0243,2160,3840,0,0,8,8,20.54339599609375,0.5921069979667664,,1.4415901647880673,8762.91259765625
0244,2160,3840,0,0,8,8,21.754268646240234,0.9301096796989441,,1.458208730444312,8762.91259765625
0245,2160,3840,0,0,8,8,21.725757598876953,0.872576892375946,,1.4496051985770464,8762.91259765625
0246,2160,3840,0,0,8,8,21.661991119384766,0.7024937868118286,,1.4578660912811756,8762.91259765625
0247,2160,3840,0,0,8,8,11.974166870117188,0.6510397791862488,,1.4419276434928179,8762.91259765625
0248,2160,3840,0,0,8,8,16.61174964904785,0.8686561584472656,,1.4264672575518489,8762.91259765625
0249,2160,3840,0,0,8,8,23.099470138549805,0.821227490901947,,1.4403387736529112,8762.91259765625
0250,2160,3840,0,0,8,8,20.746318817138672,0.5919721126556396,,1.4566007796674967,8762.91259765625
0251,2160,3840,0,0,8,8,21.074678421020508,0.9248373508453369,,1.4525231989100575,8762.91259765625
0252,2160,3840,0,0,8,8,23.57659912109375,0.801321804523468,,1.4524668082594872,8762.91259765625
0253,2160,3840,0,0,8,8,20.17523956298828,0.7992234230041504,,1.4407638041302562,8762.91259765625
0254,2160,3840,0,0,8,8,18.586898803710938,0.5565964579582214,,1.4263303680345416,8762.91259765625
0255,2160,3840,0,0,8,8,25.66300392150879,0.893893837928772,,1.4424555348232388,8762.91259765625
0256,2160,3840,0,0,8,8,19.141691207885742,0.901360809803009,,1.454293079674244,8762.91259765625
0257,2160,3840,0,0,8,8,24.006832122802734,0.8672035336494446,,1.4543166989460588,8762.91259765625
0258,2160,3840,0,0,8,8,20.897586822509766,0.8654876947402954,,1.45809696149081,8762.91259765625
0259,2160,3840,0,0,8,8,19.968257904052734,0.6688227653503418,,1.4373544920235872,8762.91259765625
0260,2160,3840,0,0,8,8,18.00775909423828,0.8707425594329834,,1.425899837166071,8762.91259765625
0261,2160,3840,0,0,8,8,22.842178344726562,0.8698393106460571,,1.4406070346012712,8762.91259765625
0262,2160,3840,0,0,8,8,23.057945251464844,0.7784684300422668,,1.4548815796151757,8762.91259765625
0263,2160,3840,0,0,8,8,16.91961097717285,0.4908992350101471,,1.4538697693496943,8762.91259765625
0264,2160,3840,0,0,8,8,22.022611618041992,0.856746256351471,,1.4581967210397124,8762.91259765625
0265,2160,3840,0,0,8,8,21.510169982910156,0.9523359537124634,,1.4369548726826906,8762.91259765625
0266,2160,3840,0,0,8,8,12.333322525024414,0.7050496935844421,,1.431423369795084,8762.91259765625
0267,2160,3840,0,0,8,8,18.478670120239258,0.8767699599266052,,1.4407756142318249,8762.91259765625
0268,2160,3840,0,0,8,8,21.217575073242188,0.76337069272995,,1.4527169987559319,8762.91259765625
0269,2160,3840,0,0,8,8,15.856752395629883,0.7660303711891174,,1.4690041160210967,8762.91259765625
0270,2160,3840,0,0,8,8,18.235492706298828,0.5152927041053772,,1.4534172592684627,8762.91259765625
0271,2160,3840,0,0,8,8,14.942052841186523,0.8989015817642212,,1.4399117641150951,8762.91259765625
0272,2160,3840,0,0,8,8,13.8896484375,0.41424646973609924,,1.4243305176496506,8762.91259765625
0273,2160,3840,0,0,8,8,18.876821517944336,0.8528065085411072,,1.453081028535962,8762.91259765625
0274,2160,3840,0,0,8,8,22.243757247924805,0.8617843389511108,,1.4517697980627418,8762.91259765625
0275,2160,3840,0,0,8,8,21.807647705078125,0.8966252207756042,,1.4535334687680006,8762.91259765625
0276,2160,3840,0,0,8,8,18.966285705566406,0.4805564284324646,,1.4666778137907386,8762.91259765625
0277,2160,3840,0,0,8,8,25.22260856628418,0.9027434587478638,,1.439033462665975,8762.91259765625
0278,2160,3840,0,0,8,8,20.580137252807617,0.6185442209243774,,1.4391743335872889,8762.91259765625
0279,2160,3840,0,0,8,8,21.9167423248291,0.7464679479598999,,1.441564873792231,8762.91259765625
0280,2160,3840,0,0,8,8,22.6762752532959,0.7852035164833069,,1.4635295635089278,8762.91259765625
0281,2160,3840,0,0,8,8,22.62725067138672,0.7464209794998169,,1.4516603080555797,8762.91259765625
0282,2160,3840,0,0,8,8,23.980850219726562,0.8438124656677246,,1.4634573329240084,8762.91259765625
0283,2160,3840,0,0,8,8,18.375877380371094,0.8645691275596619,,1.4386654030531645,8762.91259765625
0284,2160,3840,0,0,8,8,23.01988983154297,0.8538801074028015,,1.4242716478183866,8762.91259765625
0285,2160,3840,0,0,8,8,17.22824478149414,0.9009807705879211,,1.4412576146423817,8762.91259765625
0286,2160,3840,0,0,8,8,15.522499084472656,0.9127220511436462,,1.455600249581039,8762.91259765625
0287,2160,3840,0,0,8,8,19.362018585205078,0.6905591487884521,,1.4511277684941888,8762.91259765625
0288,2160,3840,0,0,8,8,21.994548797607422,0.7725453972816467,,1.4617778528481722,8762.91259765625
0289,2160,3840,0,0,8,8,22.35102081298828,0.9466846585273743,,1.4595448020845652,8762.91259765625
0290,2160,3840,0,0,8,8,21.25859260559082,0.6849327087402344,,1.4253170983865857,8762.91259765625
0291,2160,3840,0,0,8,8,16.672046661376953,0.4495128095149994,,1.4422390656545758,8762.91259765625
0292,2160,3840,0,0,8,8,11.701881408691406,0.7777413129806519,,1.4596718614920974,8762.91259765625
0293,2160,3840,0,0,8,8,20.531036376953125,0.822239875793457,,1.4550385903567076,8762.91259765625
0294,2160,3840,0,0,8,8,17.137683868408203,0.6635927557945251,,1.4590295301750302,8762.91259765625
0295,2160,3840,0,0,8,8,19.97210121154785,0.6567234396934509,,1.440084214322269,8762.91259765625
0296,2160,3840,0,0,8,8,18.82615089416504,0.49291425943374634,,1.4279087791219354,8762.91259765625
0297,2160,3840,0,0,8,8,21.820295333862305,0.832137942314148,,1.4376132925972342,8762.91259765625
0298,2160,3840,0,0,8,8,22.4903507232666,0.7001636028289795,,1.4572106506675482,8762.91259765625
0299,2160,3840,0,0,8,8,15.021797180175781,0.8650525212287903,,1.4576107012107968,8762.91259765625
0300,2160,3840,0,0,8,8,15.190994262695312,0.8922727108001709,,1.4521918781101704,8762.91259765625
0301,2160,3840,0,0,8,8,20.099613189697266,0.8710294961929321,,1.4398269541561604,8762.91259765625
0302,2160,3840,0,0,8,8,18.362367630004883,0.5598850846290588,,1.4277397580444813,8762.91259765625
0303,2160,3840,0,0,8,8,17.555891036987305,0.6437295079231262,,1.4421203136444092,8762.91259765625
0304,2160,3840,0,0,8,8,19.900543212890625,0.7015376687049866,,1.4557421701028943,8762.91259765625
0305,2160,3840,0,0,8,8,19.81548309326172,0.6599096059799194,,1.452490458264947,8762.91259765625
0306,2160,3840,0,0,8,8,21.732961654663086,0.7577399611473083,,1.4543561888858676,8762.91259765625
0307,2160,3840,0,0,8,8,20.72869300842285,0.7753223180770874,,1.4382756035774946,8762.91259765625
0308,2160,3840,0,0,8,8,17.082494735717773,0.855049729347229,,1.4246116178110242,8762.91259765625
0309,2160,3840,0,0,8,8,20.355945587158203,0.6612006425857544,,1.440784833393991,8762.91259765625
0310,2160,3840,0,0,8,8,17.138517379760742,0.7940662503242493,,1.455891190096736,8762.91259765625
0311,2160,3840,0,0,8,8,21.565597534179688,0.7806236147880554,,1.4556945199146867,8762.91259765625
0312,2160,3840,0,0,8,8,25.122568130493164,0.9006932377815247,,1.4604406720027328,8762.91259765625
0313,2160,3840,0,0,8,8,15.555511474609375,0.6239345669746399,,1.4381962027400732,8762.91259765625
0314,2160,3840,0,0,8,8,18.60011863708496,0.5617508292198181,,1.4273977680131793,8762.91259765625
0315,2160,3840,0,0,8,8,22.78913116455078,0.8833940029144287,,1.4438726147636771,8762.91259765625
0316,2160,3840,0,0,8,8,12.979419708251953,0.7774776220321655,,1.4591352008283138,8762.91259765625
0317,2160,3840,0,0,8,8,20.219152450561523,0.8467153906822205,,1.4574178513139486,8762.91259765625
0318,2160,3840,0,0,8,8,22.71379280090332,0.6593483686447144,,1.4588705813512206,8762.91259765625
0319,2160,3840,0,0,8,8,17.01105499267578,0.321262389421463,,1.4425933649763465,8762.91259765625
0320,2160,3840,0,0,8,8,21.3182373046875,0.576188862323761,,1.4226850969716907,8762.91259765625
0321,2160,3840,0,0,8,8,18.702768325805664,0.9163287281990051,,1.4427591441199183,8762.91259765625
0322,2160,3840,0,0,8,8,16.12236213684082,0.9241050481796265,,1.4605388715863228,8762.91259765625
0323,2160,3840,0,0,8,8,22.42269515991211,0.8004787564277649,,1.4639669433236122,8762.91259765625
0324,2160,3840,0,0,8,8,22.845041275024414,0.8206110000610352,,1.4547506403177977,8762.91259765625
0325,2160,3840,0,0,8,8,17.547103881835938,0.5813115835189819,,1.4357454217970371,8762.91259765625
0326,2160,3840,0,0,8,8,18.358797073364258,0.5867404937744141,,1.4265160085633397,8762.91259765625
0327,2160,3840,0,0,8,8,21.577014923095703,0.6976522207260132,,1.451498988084495,8762.91259765625
0328,2160,3840,0,0,8,8,21.732666015625,0.654988706111908,,1.453430368565023,8762.91259765625
0329,2160,3840,0,0,8,8,19.79990577697754,0.7051653265953064,,1.4571670601144433,8762.91259765625
0330,2160,3840,0,0,8,8,21.304458618164062,0.9236180782318115,,1.4692546054720879,8762.91259765625
0331,2160,3840,0,0,8,8,22.290515899658203,0.8305324912071228,,1.440179013647139,8762.91259765625
0332,2160,3840,0,0,8,8,16.17372703552246,0.8941541314125061,,1.440166313201189,8762.91259765625
0333,2160,3840,0,0,8,8,17.320816040039062,0.877004861831665,,1.4465240761637688,8762.91259765625
0334,2160,3840,0,0,8,8,20.91216278076172,0.9067901968955994,,1.4537619100883603,8762.91259765625
0335,2160,3840,0,0,8,8,17.037151336669922,0.8878946900367737,,1.4565852107480168,8762.91259765625
0336,2160,3840,0,0,8,8,17.786970138549805,0.9045600295066833,,1.4598963614553213,8762.91259765625
0337,2160,3840,0,0,8,8,17.797924041748047,0.836758553981781,,1.4412009045481682,8762.91259765625
0338,2160,3840,0,0,8,8,24.96746253967285,0.8535617589950562,,1.4246793575584888,8762.91259765625
0339,2160,3840,0,0,8,8,19.38074493408203,0.8278270363807678,,1.4425404546782374,8762.91259765625
0340,2160,3840,0,0,8,8,20.010995864868164,0.8496204614639282,,1.4635815024375916,8762.91259765625
0341,2160,3840,0,0,8,8,19.547426223754883,0.8321415781974792,,1.4500858476385474,8762.91259765625
0342,2160,3840,0,0,8,8,19.687305450439453,0.8668380975723267,,1.4562909603118896,8762.91259765625
0343,2160,3840,0,0,8,8,19.625078201293945,0.8420127034187317,,1.4349936302751303,8762.91259765625
0344,2160,3840,0,0,8,8,19.44170379638672,0.8656962513923645,,1.4248674670234323,8762.91259765625
0345,2160,3840,0,0,8,8,20.830995559692383,0.7419262528419495,,1.4440439948812127,8762.91259765625
0346,2160,3840,0,0,8,8,22.566448211669922,0.8813797831535339,,1.4529723096638918,8762.91259765625
0347,2160,3840,0,0,8,8,14.108572959899902,0.3896932601928711,,1.4596536317840219,8762.91259765625
0348,2160,3840,0,0,8,8,20.449438095092773,0.840393602848053,,1.4564688606187701,8762.91259765625
0349,2160,3840,0,0,8,8,22.39293098449707,0.9108103513717651,,1.4530460089445114,8762.91259765625
0350,2160,3840,0,0,8,8,19.64627456665039,0.8031421899795532,,1.4233208559453487,8762.91259765625
0351,2160,3840,0,0,8,8,15.102438926696777,0.895247220993042,,1.4380155028775334,8762.91259765625
0352,2160,3840,0,0,8,8,21.9570369720459,0.7718229293823242,,1.4549556383863091,8762.91259765625
0353,2160,3840,0,0,8,8,17.846267700195312,0.7534581422805786,,1.451409158296883,8762.91259765625
0354,2160,3840,0,0,8,8,16.09317970275879,0.845991849899292,,1.454885139130056,8762.91259765625
0355,2160,3840,0,0,8,8,20.484363555908203,0.811478853225708,,1.4401828730478883,8762.91259765625
0356,2160,3840,0,0,8,8,23.05614471435547,0.6581107378005981,,1.4291145289316773,8762.91259765625
0357,2160,3840,0,0,8,8,19.75970458984375,0.9011546969413757,,1.446985386312008,8762.91259765625
0358,2160,3840,0,0,8,8,22.107961654663086,0.9147616028785706,,1.4645501431077719,8762.91259765625
0359,2160,3840,0,0,8,8,21.673154830932617,0.7127240896224976,,1.451687348075211,8762.91259765625
0360,2160,3840,0,0,8,8,17.25551414489746,0.6286220550537109,,1.4615836730226874,8762.91259765625
0361,2160,3840,0,0,8,8,18.68773651123047,0.6770497560501099,,1.4401577739045024,8762.91259765625
0362,2160,3840,0,0,8,8,21.5749454498291,0.8487935066223145,,1.4240378877148032,8762.91259765625
0363,2160,3840,0,0,8,8,23.971858978271484,0.7455359697341919,,1.4446876952424645,8762.91259765625
0364,2160,3840,0,0,8,8,17.376415252685547,0.8906742334365845,,1.4625706830993295,8762.91259765625
0365,2160,3840,0,0,8,8,20.687808990478516,0.7357311844825745,,1.4553758902475238,8762.91259765625
0366,2160,3840,0,0,8,8,16.813701629638672,0.5575223565101624,,1.456435569562018,8762.91259765625
0367,2160,3840,0,0,8,8,20.339487075805664,0.589980959892273,,1.4391113640740514,8762.91259765625
0368,2160,3840,0,0,8,8,25.497512817382812,0.8354658484458923,,1.423000137321651,8762.91259765625
0369,2160,3840,0,0,8,8,18.80356788635254,0.5787840485572815,,1.446260985918343,8762.91259765625
0370,2160,3840,0,0,8,8,15.678117752075195,0.9077860116958618,,1.4555390095338225,8762.91259765625
0371,2160,3840,0,0,8,8,19.126895904541016,0.8607078790664673,,1.4489662563428283,8762.91259765625
0372,2160,3840,0,0,8,8,24.35858726501465,0.8195227980613708,,1.4560121102258563,8762.91259765625
0373,2160,3840,0,0,8,8,20.583255767822266,0.815597414970398,,1.4349594013765454,8762.91259765625
0374,2160,3840,0,0,8,8,15.61418342590332,0.8375544548034668,,1.4304693704470992,8762.91259765625
0375,2160,3840,0,0,8,8,12.842484474182129,0.7621128559112549,,1.4505766276270151,8762.91259765625
0376,2160,3840,0,0,8,8,18.808916091918945,0.5879231691360474,,1.454533439129591,8762.91259765625
0377,2160,3840,0,0,8,8,22.442033767700195,0.7534480094909668,,1.4535309802740812,8762.91259765625
0378,2160,3840,0,0,8,8,17.40177345275879,0.4481765627861023,,1.4582097409293056,8762.91259765625
0379,2160,3840,0,0,8,8,22.712507247924805,0.6742915511131287,,1.4331869008019567,8762.91259765625
0380,2160,3840,0,0,8,8,22.211544036865234,0.7567433714866638,,1.4276764187961817,8762.91259765625
0381,2160,3840,0,0,8,8,16.301361083984375,0.8917292952537537,,1.4460822166875005,8762.91259765625
0382,2160,3840,0,0,8,8,17.49390411376953,0.7084311842918396,,1.4608608018606901,8762.91259765625
0383,2160,3840,0,0,8,8,17.927398681640625,0.7254325747489929,,1.465116124600172,8762.91259765625
0384,2160,3840,0,0,8,8,16.614295959472656,0.8748185634613037,,1.4646926037967205,8762.91259765625
0385,2160,3840,0,0,8,8,20.144428253173828,0.4945942163467407,,1.4358688117936254,8762.91259765625
0386,2160,3840,0,0,8,8,18.296926498413086,0.9096292853355408,,1.4461572160944343,8762.91259765625
0387,2160,3840,0,0,8,8,19.266695022583008,0.8913164138793945,,1.4467982156202197,8762.91259765625
0388,2160,3840,0,0,8,8,20.0399112701416,0.8200750946998596,,1.4580219509080052,8762.91259765625
0389,2160,3840,0,0,8,8,22.429426193237305,0.9535810947418213,,1.4513508575037122,8762.91259765625
0390,2160,3840,0,0,8,8,22.669973373413086,0.8225420117378235,,1.4600380025804043,8762.91259765625
0391,2160,3840,0,0,8,8,19.4320068359375,0.750788152217865,,1.4389739325270057,8762.91259765625
0392,2160,3840,0,0,8,8,22.31121063232422,0.894145667552948,,1.429231989197433,8762.91259765625
0393,2160,3840,0,0,8,8,18.49160385131836,0.827025294303894,,1.4607870923355222,8762.91259765625
0394,2160,3840,0,0,8,8,22.690696716308594,0.7723343968391418,,1.453264119103551,8762.91259765625
0395,2160,3840,0,0,8,8,18.729761123657227,0.5331816673278809,,1.4582608910277486,8762.91259765625
0396,2160,3840,0,0,8,8,17.105281829833984,0.6330403685569763,,1.4607553323730826,8762.91259765625
0397,2160,3840,0,0,8,8,22.06882667541504,0.8810845017433167,,1.4369862535968423,8762.91259765625
0398,2160,3840,0,0,8,8,18.59016227722168,0.6844568848609924,,1.42415164783597,8762.91259765625
0399,2160,3840,0,0,8,8,13.960664749145508,0.8337827324867249,,1.4419793747365475,8762.91259765625
0400,2160,3840,0,0,8,8,23.731670379638672,0.8993966579437256,,1.4667905550450087,8762.91259765625
0401,2160,3840,0,0,8,8,24.692241668701172,0.9022353291511536,,1.4543504696339369,8762.91259765625
0402,2160,3840,0,0,8,8,22.545621871948242,0.5151101350784302,,1.454057320021093,8762.91259765625
0403,2160,3840,0,0,8,8,27.8159122467041,0.8544518351554871,,1.4470371874049306,8762.91259765625
0404,2160,3840,0,0,8,8,21.65087127685547,0.6641663312911987,,1.4286915687844157,8762.91259765625
0405,2160,3840,0,0,8,8,23.629764556884766,0.8816308975219727,,1.4451339161023498,8762.91259765625
0406,2160,3840,0,0,8,8,20.186279296875,0.921501100063324,,1.4565928997471929,8762.91259765625
0407,2160,3840,0,0,8,8,20.754322052001953,0.7385918498039246,,1.4539977991953492,8762.91259765625
0408,2160,3840,0,0,8,8,22.826522827148438,0.7362239956855774,,1.4546482991427183,8762.91259765625
0409,2160,3840,0,0,8,8,15.477035522460938,0.2651442885398865,,1.4419623436406255,8762.91259765625
0410,2160,3840,0,0,8,8,20.487489700317383,0.6503044366836548,,1.424066406674683,8762.91259765625
0411,2160,3840,0,0,8,8,20.193470001220703,0.917005717754364,,1.4432468144223094,8762.91259765625
0412,2160,3840,0,0,8,8,20.641868591308594,0.5932058691978455,,1.4554288499057293,8762.91259765625
0413,2160,3840,0,0,8,8,16.326271057128906,0.8734487295150757,,1.4579398706555367,8762.91259765625
0414,2160,3840,0,0,8,8,15.305831909179688,0.8179306387901306,,1.4603092819452286,8762.91259765625
0415,2160,3840,0,0,8,8,15.569425582885742,0.8572317957878113,,1.4446377456188202,8762.91259765625
0416,2160,3840,0,0,8,8,19.976478576660156,0.6519462466239929,,1.4284984190016985,8762.91259765625
0417,2160,3840,0,0,8,8,16.728410720825195,0.9206021428108215,,1.4430012851953506,8762.91259765625
0418,2160,3840,0,0,8,8,22.25137710571289,0.9126220345497131,,1.4595257313922048,8762.91259765625
0419,2160,3840,0,0,8,8,19.10505485534668,0.7407496571540833,,1.4563298895955086,8762.91259765625
0420,2160,3840,0,0,8,8,20.398256301879883,0.8376421332359314,,1.4581203712150455,8762.91259765625
0421,2160,3840,0,0,8,8,21.28626823425293,0.6751075983047485,,1.443635355681181,8762.91259765625
0422,2160,3840,0,0,8,8,16.81066131591797,0.8541048765182495,,1.4230471476912498,8762.91259765625
0423,2160,3840,0,0,8,8,17.24277687072754,0.934137225151062,,1.4434497747570276,8762.91259765625
0424,2160,3840,0,0,8,8,22.96896743774414,0.8387178778648376,,1.459145431406796,8762.91259765625
0425,2160,3840,0,0,8,8,20.03267478942871,0.7784113883972168,,1.4557597702369094,8762.91259765625
0426,2160,3840,0,0,8,8,21.54517936706543,0.6431791186332703,,1.4580261912196875,8762.91259765625
0427,2160,3840,0,0,8,8,21.33716583251953,0.7562705278396606,,1.438066222704947,8762.91259765625
0428,2160,3840,0,0,8,8,17.316253662109375,0.9032328724861145,,1.4259725287556648,8762.91259765625
0429,2160,3840,0,0,8,8,23.547887802124023,0.6851000785827637,,1.443935465067625,8762.91259765625
0430,2160,3840,0,0,8,8,19.0541934967041,0.8559690117835999,,1.456464210525155,8762.91259765625
0431,2160,3840,0,0,8,8,24.674623489379883,0.7860244512557983,,1.449154358357191,8762.91259765625
0432,2160,3840,0,0,8,8,16.91912078857422,0.7742839455604553,,1.4570182412862778,8762.91259765625
0433,2160,3840,0,0,8,8,24.281518936157227,0.9671615362167358,,1.441458035260439,8762.91259765625
0434,2160,3840,0,0,8,8,17.09964370727539,0.4432181417942047,,1.4265172574669123,8762.91259765625
0435,2160,3840,0,0,8,8,17.047273635864258,0.6018964052200317,,1.44474065490067,8762.91259765625
0436,2160,3840,0,0,8,8,19.27447509765625,0.6947675347328186,,1.4537131395190954,8762.91259765625
0437,2160,3840,0,0,8,8,16.301204681396484,0.6153519749641418,,1.451220627874136,8762.91259765625
0438,2160,3840,0,0,8,8,20.017742156982422,0.8315644264221191,,1.4650417538359761,8762.91259765625
0439,2160,3840,0,0,8,8,12.585315704345703,0.767959713935852,,1.44655039627105,8762.91259765625
0440,2160,3840,0,0,8,8,17.52300453186035,0.8867343664169312,,1.4376134434714913,8762.91259765625
0441,2160,3840,0,0,8,8,23.701553344726562,0.8766235709190369,,1.4453084459528327,8762.91259765625
0442,2160,3840,0,0,8,8,19.50111198425293,0.7434648871421814,,1.453968709334731,8762.91259765625
0443,2160,3840,0,0,8,8,20.847013473510742,0.9366306662559509,,1.462769653648138,8762.91259765625
0444,2160,3840,0,0,8,8,21.587459564208984,0.7840603590011597,,1.457693301141262,8762.91259765625
0445,2160,3840,0,0,8,8,21.24563980102539,0.7302454710006714,,1.4445827063173056,8762.91259765625
0446,2160,3840,0,0,8,8,22.054702758789062,0.8915972113609314,,1.4267638884484768,8762.91259765625
0447,2160,3840,0,0,8,8,24.36578369140625,0.8524806499481201,,1.4547871788963675,8762.91259765625
0448,2160,3840,0,0,8,8,19.387935638427734,0.6061885952949524,,1.451192227192223,8762.91259765625
0449,2160,3840,0,0,8,8,20.98405647277832,0.8657500743865967,,1.4528036881238222,8762.91259765625
0450,2160,3840,0,0,8,8,21.308372497558594,0.6461198925971985,,1.4564735209569335,8762.91259765625
0451,2160,3840,0,0,8,8,24.17066764831543,0.9249770641326904,,1.4355085212737322,8762.91259765625
0452,2160,3840,0,0,8,8,22.684364318847656,0.6733142137527466,,1.4258961379528046,8762.91259765625
0453,2160,3840,0,0,8,8,18.441431045532227,0.9395424723625183,,1.4475605571642518,8762.91259765625
0454,2160,3840,0,0,8,8,22.88818359375,0.4712171256542206,,1.469298304989934,8762.91259765625
0455,2160,3840,0,0,8,8,17.52977752685547,0.5925976634025574,,1.455579549074173,8762.91259765625
0456,2160,3840,0,0,8,8,17.461641311645508,0.5376686453819275,,1.4617143729701638,8762.91259765625
0457,2160,3840,0,0,8,8,18.74742889404297,0.6017118096351624,,1.4415350034832954,8762.91259765625
0458,2160,3840,0,0,8,8,19.295379638671875,0.5928253531455994,,1.4264822583645582,8762.91259765625
0459,2160,3840,0,0,8,8,18.399627685546875,0.7172449231147766,,1.445421725511551,8762.91259765625
0460,2160,3840,0,0,8,8,21.995956420898438,0.8158286809921265,,1.456439190544188,8762.91259765625
0461,2160,3840,0,0,8,8,18.74557113647461,0.4833498001098633,,1.4583033611997962,8762.91259765625
0462,2160,3840,0,0,8,8,22.940797805786133,0.753720223903656,,1.4592462023720145,8762.91259765625
0463,2160,3840,0,0,8,8,18.451433181762695,0.7949674725532532,,1.4500303277745843,8762.91259765625
0464,2160,3840,0,0,8,8,15.309066772460938,0.8227867484092712,,1.4300105096772313,8762.91259765625
0465,2160,3840,0,0,8,8,24.03261947631836,0.8602409958839417,,1.4437692053616047,8762.91259765625
0466,2160,3840,0,0,8,8,17.554899215698242,0.7926182746887207,,1.4556450694799423,8762.91259765625
0467,2160,3840,0,0,8,8,22.623188018798828,0.7680381536483765,,1.4535864489153028,8762.91259765625
0468,2160,3840,0,0,8,8,23.030221939086914,0.6900787949562073,,1.4556318800896406,8762.91259765625
0469,2160,3840,0,0,8,8,21.984243392944336,0.7232034206390381,,1.439884432591498,8762.91259765625
0470,2160,3840,0,0,8,8,18.65005111694336,0.8824484944343567,,1.4281457290053368,8762.91259765625
0471,2160,3840,0,0,8,8,23.52149772644043,0.8833931684494019,,1.4449223345145583,8762.91259765625
0472,2160,3840,0,0,8,8,19.51365089416504,0.5693292617797852,,1.4603561321273446,8762.91259765625
0473,2160,3840,0,0,8,8,24.572303771972656,0.9180377125740051,,1.4541454892605543,8762.91259765625
0474,2160,3840,0,0,8,8,23.009170532226562,0.7644626498222351,,1.4614593721926212,8762.91259765625
0475,2160,3840,0,0,8,8,19.380657196044922,0.8097021579742432,,1.440056842751801,8762.91259765625
0476,2160,3840,0,0,8,8,19.795305252075195,0.4851432144641876,,1.423861837014556,8762.91259765625
0477,2160,3840,0,0,8,8,22.290849685668945,0.8074951171875,,1.444323094561696,8762.91259765625
0478,2160,3840,0,0,8,8,22.309852600097656,0.7436515092849731,,1.4575567301362753,8762.91259765625
0479,2160,3840,0,0,8,8,18.051776885986328,0.6073160171508789,,1.4550972497090697,8762.91259765625
0480,2160,3840,0,0,8,8,20.079469680786133,0.5523982048034668,,1.4581013713032007,8762.91259765625
0481,2160,3840,0,0,8,8,19.498674392700195,0.7962477803230286,,1.43898138217628,8762.91259765625
0482,2160,3840,0,0,8,8,19.41948127746582,0.7190761566162109,,1.427725118584931,8762.91259765625
0483,2160,3840,0,0,8,8,19.3489990234375,0.9178046584129333,,1.4370982814580202,8762.91259765625
0484,2160,3840,0,0,8,8,19.21135139465332,0.754480242729187,,1.4618142414838076,8762.91259765625
0485,2160,3840,0,0,8,8,21.965099334716797,0.4987134337425232,,1.4571555517613888,8762.91259765625
0486,2160,3840,0,0,8,8,22.006752014160156,0.720479428768158,,1.4718549754470587,8762.91259765625
0487,2160,3840,0,0,8,8,16.901382446289062,0.9124981760978699,,1.4375565322116017,8762.91259765625
0488,2160,3840,0,0,8,8,20.997955322265625,0.7624146342277527,,1.431966720148921,8762.91259765625
0489,2160,3840,0,0,8,8,23.430683135986328,0.8387618660926819,,1.4434279650449753,8762.91259765625
0490,2160,3840,0,0,8,8,16.284351348876953,0.6068692803382874,,1.460629221983254,8762.91259765625
0491,2160,3840,0,0,8,8,16.012123107910156,0.9391088485717773,,1.4521142086014152,8762.91259765625
0492,2160,3840,0,0,8,8,18.726009368896484,0.5604553818702698,,1.455926550552249,8762.91259765625
0493,2160,3840,0,0,8,8,18.99315643310547,0.8087402582168579,,1.4377340134233236,8762.91259765625
0494,2160,3840,0,0,8,8,16.920917510986328,0.7664642333984375,,1.4364721421152353,8762.91259765625
0495,2160,3840,0,0,8,8,20.51003646850586,0.7037155032157898,,1.4461305364966393,8762.91259765625
0496,2160,3840,0,0,8,8,23.03363037109375,0.7118147611618042,,1.455836409702897,8762.91259765625
0497,2160,3840,0,0,8,8,18.055076599121094,0.9514248967170715,,1.4568302817642689,8762.91259765625
0498,2160,3840,0,0,8,8,22.943572998046875,0.8425283432006836,,1.4572301916778088,8762.91259765625
0499,2160,3840,0,0,8,8,16.752161026000977,0.5916754603385925,,1.441814923658967,8762.91259765625
